{
    "response": "0",
    "data": {
        "districtId": "1",
        "districtName": "Central District of California",
        "totalGateways": "45200",
        "alertThresholdLimit": "40",
        "lights": {
            "total": "920",
            "operational": "225",
            "nonOperational": "230"
        },
        "streetLights": {
            "total": "190",
            "operational": "25",
            "nonOperational": "20"
        },
        "parkingLots": {
            "total": "5650",
            "open": "1000",
            "full": "250"
        },
        "beacon": {
            "totalBeacon": "90",
            "operational": "85",
            "nonOperational": "5"
        },
        "floodLights": {
            "totalFloodLights": "90",
            "on": "85",
            "off": "5"
        },
        "lightSummary": {
            "beaconLightColor": "Blue",
            "beaconLightStatus": "ON",
            "floodLight": "ON",
            "intensity": "45"
        },
        "audioSummary": {
            "currentPlaylistName": "default.mp3",
            "volume": "5"
        },
        "digitalSignage": {
            "temprature": "35",
            "warningMessage": "Custom message"
        },
        "xBeeSensorDetails": {
            "temperature": "25",
            "light": "26",
            "humidity": "35"
        }
    }
}