{
    "id": "100",
    "name": "Gateway 1",
    "functionalMode": "Non operational",
    "coords": [{
        "latitude": "32.773978",
        "longitude": "-96.788795"
    }],
    "children": [{
        "id": "101",
        "name": "Pole 1",
        "functionalMode": "Non operational",
        "coords": [{
            "latitude": "32.778978",
            "longitude": "-96.796895"
        }]
    }, {
        "id": "102",
        "name": "Pole 2",
        "functionalMode": "Fully operational",
        "coords": [{
            "latitude": "32.776878",
            "longitude": "-96.795295"
        }]
    }, {
        "id": "103",
        "name": "Pole 3",
        "functionalMode": "Fully operational",
        "coords": [{
            "latitude": "32.774778",
            "longitude": "-96.796495"
        }]
    }, {
        "id": "104",
        "name": "Pole 4",
        "functionalMode": "Fully operational",
        "coords": [{
            "latitude": "32.778978",
            "longitude": "-96.796095"
        }]
    }],
    "$$hashKey": "object:34"
}