[{
    "latitude": "32.773978",
    "longitude": "-96.788795",
    "id": "100",
    "icon": "./assets/img/router.png",
    "counter": 0,
    "events": {}
}, {
    "latitude": "32.777778",
    "longitude": "-96.796295",
    "id": "200",
    "icon": "./assets/img/router.png",
    "counter": 1,
    "events": {}
}, {
    "latitude": "32.778678",
    "longitude": "-96.791044",
    "id": "300",
    "icon": "./assets/img/router.png",
    "counter": 2,
    "events": {}
}, {
    "latitude": "32.772978",
    "longitude": "-96.793703",
    "id": "400",
    "icon": "./assets/img/router.png",
    "counter": 3,
    "events": {}
}]