[{
    "id": "001",
    "name": "District 1",
    "coords": [{
        "latitude": "32.781678",
        "longitude": "-96.798795"
    }, {
        "latitude": "32.771357",
        "longitude": "-96.798795"
    }, {
        "latitude": "32.771357",
        "longitude": "-96.785607"
    }, {
        "latitude": "32.781678",
        "longitude": "-96.785607"
    }],
    "children": [{
        "id": "100",
        "name": "Gateway 1",
        "functionalMode": "Non operational",
        "coords": [{
            "latitude": "32.773978",
            "longitude": "-96.788795"
        }],
        "children": [{
            "id": "101",
            "name": "Pole 1",
            "functionalMode": "Non operational",
            "coords": [{
                "latitude": "32.778978",
                "longitude": "-96.796895"
            }]
        }, {
            "id": "102",
            "name": "Pole 2",
            "functionalMode": "Fully operational",
            "coords": [{
                "latitude": "32.776878",
                "longitude": "-96.795295"
            }]
        }, {
            "id": "103",
            "name": "Pole 3",
            "functionalMode": "Fully operational",
            "coords": [{
                "latitude": "32.774778",
                "longitude": "-96.796495"
            }]
        }, {
            "id": "104",
            "name": "Pole 4",
            "functionalMode": "Fully operational",
            "coords": [{
                "latitude": "32.778978",
                "longitude": "-96.796095"
            }]
        }]
    }, {
        "id": "200",
        "name": "Gateway 2",
        "functionalMode": "Fully operational",
        "coords": [{
            "latitude": "32.777778",
            "longitude": "-96.796295"
        }],
        "children": [{
            "id": "201",
            "name": "Pole 1",
            "functionalMode": "Fully operational",
            "coords": [{
                "latitude": "32.774978",
                "longitude": "-96.791100"
            }]
        }, {
            "id": "202",
            "name": "Pole 2",
            "functionalMode": "Fully operational",
            "coords": [{
                "latitude": "32.772378",
                "longitude": "-96.791200"
            }]
        }, {
            "id": "203",
            "name": "Pole 3",
            "functionalMode": "Fully operational",
            "coords": [{
                "latitude": "32.772978",
                "longitude": "-96.798100"
            }]
        }, {
            "id": "204",
            "name": "Pole 4",
            "functionalMode": "Fully operational",
            "coords": [{
                "latitude": "32.775578",
                "longitude": "-96.791500"
            }]
        }]
    }, {
        "id": "300",
        "name": "Gateway 3",
        "functionalMode": "Non operational",
        "coords": [{
            "latitude": "32.778678",
            "longitude": "-96.791044"
        }],
        "children": [{
            "id": "301",
            "name": "Pole 1",
            "functionalMode": "Fully operational",
            "coords": [{
                "latitude": "32.774178",
                "longitude": "-96.796100"
            }]
        }, {
            "id": "302",
            "name": "Pole 2",
            "functionalMode": "Fully operational",
            "coords": [{
                "latitude": "32.778278",
                "longitude": "-96.792200"
            }]
        }, {
            "id": "303",
            "name": "Pole 3",
            "functionalMode": "Fully operational",
            "coords": [{
                "latitude": "32.774378",
                "longitude": "-96.79300"
            }]
        }, {
            "id": "304",
            "name": "Pole 4",
            "functionalMode": "Fully operational",
            "coords": [{
                "latitude": "32.774478",
                "longitude": "-96.794900"
            }]
        }]
    }, {
        "id": "400",
        "name": "Gateway 4",
        "functionalMode": "Non operational",
        "coords": [{
            "latitude": "32.772978",
            "longitude": "-96.793703"
        }],
        "children": [{
            "id": "401",
            "name": "Pole 1",
            "functionalMode": "Fully operational",
            "coords": [{
                "latitude": "32.778178",
                "longitude": "-96.795100"
            }]
        }, {
            "id": "402",
            "name": "Pole 2",
            "functionalMode": "Fully operational",
            "coords": [{
                "latitude": "32.779278",
                "longitude": "-96.790200"
            }]
        }, {
            "id": "403",
            "name": "Pole 3",
            "functionalMode": "Fully operational",
            "coords": [{
                "latitude": "32.774378",
                "longitude": "-96.792300"
            }]
        }, {
            "id": "404",
            "name": "Pole 4",
            "functionalMode": "Fully operational",
            "coords": [{
                "latitude": "32.775478",
                "longitude": "-96.792800"
            }]
        }]
    }]
}, {
    "id": "002",
    "name": "District 2",
    "children": [{
        "coords": [{}]
    }]
}, {
    "id": "003",
    "name": "District 3",
    "children": [{
        "coords": [{}]
    }]
}, {
    "id": "004",
    "name": "District 4",
    "children": [{
        "coords": [{}]
    }]
}]