<beans:beans xmlns="http://www.springframework.org/schema/mvc"
	xmlns:xsi="http://www.w3.org/2001/XMLSchema-instance" xmlns:beans="http://www.springframework.org/schema/beans"
	xmlns:context="http://www.springframework.org/schema/context"
	xmlns:mvc="http://www.springframework.org/schema/mvc" xmlns:tx="http://www.springframework.org/schema/tx"
	xmlns:p="http://www.springframework.org/schema/p" xmlns:jms="http://www.springframework.org/schema/jms"
	xmlns:cache="http://www.springframework.org/schema/cache" xmlns:amq="http://activemq.apache.org/schema/core"
	xsi:schemaLocation="http://www.springframework.org/schema/mvc http://www.springframework.org/schema/mvc/spring-mvc.xsd        
	http://www.springframework.org/schema/beans http://www.springframework.org/schema/beans/spring-beans.xsd        
	http://www.springframework.org/schema/context http://www.springframework.org/schema/context/spring-context.xsd
	http://www.springframework.org/schema/tx http://www.springframework.org/schema/tx/spring-tx.xsd
	http://www.springframework.org/schema/jms 
     http://www.springframework.org/schema/jms/spring-jms.xsd
     http://activemq.apache.org/schema/core 
     http://www.springframework.org/schema/cache http://www.springframework.org/schema/cache/spring-cache.xsd">
	<mvc:annotation-driven>
		<mvc:message-converters>
			<beans:bean class="com.smartcity.config.JsonResponseMessageConverter" />
		</mvc:message-converters>
	</mvc:annotation-driven>

	<resources mapping="/**" location="/resources/" />

	<context:annotation-config />
	
	<annotation-driven />

	<context:component-scan base-package="com.smartcity" />

	<!-- <beans:bean id="messageSource" class="org.springframework.context.support.ResourceBundleMessageSource"> 
		<beans:property name="basename" value="Messages" /> </beans:bean> -->

	<beans:bean id="messageSource"
		class="org.springframework.context.support.ResourceBundleMessageSource"
		p:basename="Messages" />

	<context:property-placeholder
		location="classpath:hibernate.properties,classpath:config.properties,classpath:Messages.properties" />

	<!-- Database Configuration Beans -->

	<beans:bean id="dataSource"
		class="org.springframework.jdbc.datasource.DriverManagerDataSource"
		p:driverClassName="${jdbc.driverClassName}" p:url="${jdbc.url}"
		p:username="${jdbc.username}" p:password="${jdbc.password}" />

	<beans:bean id="sessionFactory"
		class="org.springframework.orm.hibernate4.LocalSessionFactoryBean">
		<beans:property name="dataSource">
			<beans:ref bean="dataSource" />
		</beans:property>
		<beans:property name="hibernateProperties">
			<beans:props>
				<beans:prop key="hibernate.dialect">${hibernate.dialect}</beans:prop>
				<beans:prop key="hibernate.show_sql">${hibernate.show_sql}</beans:prop>
				<beans:prop key="hibernate.format_sql">${hibernate.format_sql}</beans:prop>
			</beans:props>
		</beans:property>
		<beans:property name="packagesToScan" value="com.smartcity.dbbean"></beans:property>
	</beans:bean>

	<beans:bean id="transactionManager"
		class="org.springframework.orm.hibernate4.HibernateTransactionManager"
		p:sessionFactory-ref="sessionFactory" />

	<tx:annotation-driven transaction-manager="transactionManager" />

</beans:beans>