{
  "name": "lodash",
  "main": "lodash.js",
  "ignore": [
    ".*",
    "*.custom.*",
    "*.log",
    "*.map",
    "*.md",
    "lodash.src.js",
    "component.json",
    "package.json",
    "doc",
    "node_modules",
    "perf",
    "test",
    "vendor"
  ],
  "homepage": "https://github.com/lodash/lodash",
  "version": "3.10.0",
  "_release": "3.10.0",
  "_resolution": {
    "type": "version",
    "tag": "3.10.0",
    "commit": "9d894f90ff020d49bef24aa70c75e513f43049f2"
  },
  "_source": "https://github.com/lodash/lodash.git",
  "_target": ">=3.8.0",
  "_originalSource": "lodash"
}