{
  "name": "angular-tree-control",
  "version": "0.2.9",
  "main": [
    "./angular-tree-control.js",
    "./css/tree-control.css"
  ],
  "ignore": [
    "Gruntfile.js",
    "package.json",
    "test",
    "karma.conf.js"
  ],
  "dependencies": {
    "angular": "~1.2.7"
  },
  "devDependencies": {
    "angular-mocks": "~1.2.7",
    "jquery": "~2.0.3",
    "bootstrap": "~3.1.1",
    "angular-bootstrap": "~0.11.0",
    "google-code-prettify": "1.0.1"
  },
  "homepage": "https://github.com/wix/angular-tree-control",
  "_release": "0.2.9",
  "_resolution": {
    "type": "version",
    "tag": "0.2.9",
    "commit": "784ed65d626eb5663be79b059043eccec052db89"
  },
  "_source": "https://github.com/wix/angular-tree-control.git",
  "_target": "~0.2.9",
  "_originalSource": "angular-tree-control",
  "_direct": true
}